ID,Pokedex #,Name,PicName,JapaneseName,ChineseName,Height,Weight,TypeID1,TypeID2,Description,ChineseDescription,Locations,ChineseLocations,Category,ChineseCategory,MovesID,EvolvesFromID,EvolvesIntoID
1,#001,Bulbasaur,bulbasaur,フシギダネ,妙蛙种子 ,0.7,6.9,2,10,"Bulbasaur can be seen napping in bright sunlight. There is a seed on its back. By soaking up the sun's rays, the seed grows progressively larger.",,TBD,,Seed,,"129,121,131,91,74",,
2,#002,Ivysaur,ivysaur,フシギソウ,妙蛙草 ,1,13,2,10,"There is a bud on this Pokémon's back. To support its weight, Ivysaur's legs and trunk grow thick and strong. If it starts spending more time lying in the sunlight, it's a sign that the bud will bloom into a large flower soon.",,"Forest,Field,Farm",,Seed,,"129,121,131,91,85",,
3,#003,Venusaur,venusaur,フシギバナ,妙蛙花 ,2,100,2,10,There is a large flower on Venusaur's back. The flower is said to take on vivid colors if it gets plenty of nutrition and sunlight. The flower's aroma soothes the emotions of people.,,TBD,,Seed,,"129,121,131,91,61,85",,
4,#004,Charmander,charmander,ヒトカゲ,小火龙 ,0.6,8.5,13,,"The flame that burns at the tip of its tail is an indication of its emotions. The flame wavers when Charmander is enjoying itself. If the Pokémon becomes enraged, the flame burns fiercely.",,TBD,,Lizard,,"107,137,123,24,25,32,35,80",,
5,#005,Charmeleon,charmeleon,リザード,火恐龙 ,1.1,19,13,,"Charmeleon mercilessly destroys its foes using its sharp claws. If it encounters a strong foe, it turns aggressive. In this excited state, the flame at the tip of its tail flares with a bluish white color.",,TBD,,Flame,,"107,137,123,24,25,32,35,80",,
6,#006,Charizard,charizard,リザードン,喷火龙 ,1.7,90.5,13,15,"Charizard flies around the sky in search of powerful opponents. It breathes fire of such great heat that it melts anything. However, it never turns its fiery breath on any opponent weaker than itself.",,TBD,,Flame,,"107,137,123,124,133,4,24,25,32,35,41,59",,
7,#007,Squirtle,squirtle,ゼニガメ,杰尼龟 ,0.5,9,18,,"Squirtle's shell is not merely used for protection. The shell's rounded shape and the grooves on its surface help minimize resistance in water, enabling this Pokémon to swim at high speeds.",,TBD,,Tiny Turtle,,"129,132,7,44,73,96",,
8,#008,Wartortle,wartortle,カメール,卡咪龟 ,1,22.5,18,,"Its tail is large and covered with a rich, thick fur. The tail becomes increasingly deeper in color as Wartortle ages. The scratches on its shell are evidence of this Pokémon's toughness as a battler.",,TBD,,Turtle,,"102,134,129,132,7,44,73,96",,
9,#009,Blastoise,blastoise,カメックス,水箭龟 ,1.6,85.5,18,,Blastoise has water spouts that protrude from its shell. The water spouts are very accurate. They can shoot bullets of water with enough accuracy to strike empty cans from a distance of over 160 feet.,,TBD,,Shellfish,,"102,134,129,132,7,36,44,73,96",,
10,#010,Caterpie,caterpie,キャタピー,绿毛虫 ,0.3,2.9,1,,"Caterpie has a voracious appetite. It can devour leaves bigger than its body right before your eyes. From its antenna, this Pokémon releases a terrifically strong odor.",,TBD,,Worm,,"103,129",,
11,#011,Metapod,metapod,トランセル,铁甲蛹 ,0.7,9.9,1,,The shell covering this Pokémon’s body is as hard as an iron slab. Metapod does not move very much. It stays still because it is preparing its soft innards for evolution inside the hard shell.,,TBD,,Cocoon,,,,
12,#012,Butterfree,butterfree,バタフリー,巴大蝶 ,1.1,32,1,15,"Butterfree has a superior ability to search for delicious honey from flowers. It can even search out, extract, and carry honey from flowers that are blooming over six miles from its nest.",,TBD,,Butterfly,,"135,14,59,66",,
13,#013,Weedle,weedle,ビードル,独角虫 ,0.3,3.2,1,10,Weedle has an extremely acute sense of smell. It is capable of distinguishing its favorite kinds of leaves from those it dislikes just by sniffing with its big red proboscis (nose).,,TBD,,Hairy Bug,,"103,139",,
14,#014,Kakuna,kakuna,コクーン,铁壳蛹 ,0.6,10,1,10,"Kakuna remains virtually immobile as it clings to a tree. However, on the inside, it is extremely busy as it prepares for its coming evolution. This is evident from how hot the shell becomes to the touch.",,TBD,,Cocoon,,,,
15,#015,Beedrill,beedrill,スピアー,大针蜂 ,1,29.5,1,10,"Beedrill is extremely territorial. No one should ever approach its nest—this is for their own safety. If angered, they will attack in a furious swarm.",,TBD,,Poison Bee,,"117,28,59,88",,
16,#016,Pidgey,pidgey,ポッポ,波波 ,0.3,1.8,8,15,"Pidgey has an extremely sharp sense of direction. It is capable of unerringly returning home to its nest, however far it may be removed from its familiar surroundings.",,TBD,,Tiny Bird,,"120,129,133,4,43,59,96",,
17,#017,Pidgeotto,pidgeotto,ピジョン,比比鸟 ,1.1,30,8,15,"Pidgeotto claims a large area as its own territory. This Pokémon flies around, patrolling its living space. If its territory is violated, it shows no mercy in thoroughly punishing the foe with its sharp claws.",,TBD,,Bird,,"120,129,133,4,43,59,96",,
18,#018,Pidgeot,pidgeot,ピジョット,大比鸟 ,1.5,39.5,8,15,"This Pokémon has a dazzling plumage of beautifully glossy feathers. Many Trainers are captivated by the striking beauty of the feathers on its head, compelling them to choose Pidgeot as their Pokémon.",,TBD,,Bird,,"120,129,133,4,43,59,96",,
19,#019,Rattata,rattata,コラッタ,小拉达 ,0.3,3.5,8,,"Rattata is cautious in the extreme. Even while it is asleep, it constantly listens by moving its ears around. It is not picky about where it lives—it will make its nest anywhere.",,TBD,,Mouse,,"102,120,128,129,9,46",,
20,#020,Raticate,raticate,ラッタ,拉达 ,0.7,18.5,8,,"Raticate’s sturdy fangs grow steadily. To keep them ground down, it gnaws on rocks and logs. It may even chew on the walls of houses.",,TBD,,Mouse,,"102,120,128,129,46",,
21,#021,Spearow,spearow,オニスズメ,烈雀 ,0.3,2,8,15,"Spearow has a very loud cry that can be heard over half a mile away. If its high, keening cry is heard echoing all around, it is a sign that they are warning each other of danger.",,TBD,,Tiny Bird,,"116,2,27,59",,
22,#022,Fearow,fearow,オニドリル,大嘴雀 ,1.2,38,8,15,Fearow is recognized by its long neck and elongated beak. They are conveniently shaped for catching prey in soil or water. It deftly moves its long and skinny beak to pluck prey.,,TBD,,Beak,,"116,2,27,28,59",,
23,#023,Ekans,ekans,アーボ,阿柏蛇 ,2,6.9,10,,Ekans curls itself up in a spiral while it rests. Assuming this position allows it to quickly respond to a threat from any direction with a glare from its upraised head.,,TBD,,Snake,,"101,102,139,38,57,63,99",,
24,#024,Arbok,arbok,アーボック,阿柏怪 ,3.5,65,10,,"This Pokémon is terrifically strong in order to constrict things with its body. It can even flatten steel oil drums. Once Arbok wraps its body around its foe, escaping its crunching embrace is impossible.",,TBD,,Cobra,,"102,137,139,38,57,63,99",,
25,#025,Pikachu,pikachu,ピカチュウ,皮卡丘 ,0.4,6,7,,"Whenever Pikachu comes across something new, it blasts it with a jolt of electricity. If you come across a blackened berry, it's evidence that this Pokémon mistook the intensity of its charge.",,TBD,,Mouse,,"120,125,129,130,22,79,88,92,94",,
26,#026,Raichu,raichu,ライチュウ,雷丘 ,0.8,30,7,,"If the electrical sacs become excessively charged, Raichu plants its tail in the ground and discharges. Scorched patches of ground will be found near this Pokémon's nest.",,TBD,,Mouse,,"120,130,94",,
27,#027,Sandshrew,sandshrew,サンド,穿山鼠 ,0.6,12,4,,"Sandshrew's body is configured to absorb water without waste, enabling it to survive in an arid desert. This Pokémon curls up to protect itself from its enemies.",,TBD,,Mouse,,"29,109,139,123,90,20,80",,
28,#028,Sandslash,sandslash,サンドパン,穿山王 ,1,29.5,4,,"Sandslash's body is covered by tough spikes, which are hardened sections of its hide. Once a year, the old spikes fall out, to be replaced with new spikes that grow out from beneath the old ones.",,TBD,,Mouse,,"29,109,139,123,90,20,80",,
29,#029,Nidoran♀,nidoran-f,ニドラン♀,尼多兰 ,0.4,7,10,,"Nidoran♀ has barbs that secrete a powerful poison. They are thought to have developed as protection for this small-bodied Pokémon. When enraged, it releases a horrible toxin from its horn.",,TBD,,Poison Pin,,"102,139,123",,
30,#030,Nidorina,nidorina,ニドリーナ,尼多娜 ,0.8,20,10,,"When Nidorina are with their friends or family, they keep their barbs tucked away to prevent hurting each other. This Pokémon appears to become nervous if separated from the others.",,TBD,,Poison Pin,,"102,139,123",,
31,#031,Nidoqueen,nidoqueen,ニドクイン,尼多后 ,1.3,60,10,4,Nidoqueen's body is encased in extremely hard scales. It is adept at sending foes flying with harsh tackles. This Pokémon is at its strongest when it is defending its young.,,TBD,,Drill,,"139,123,9",,
32,#032,Nidoran♂,nidoran-m,ニドラン♂,尼多朗 ,0.5,9,10,,"Nidoran♂ has developed muscles for moving its ears. Thanks to them, the ears can be freely moved in any direction. Even the slightest sound does not escape this Pokémon's notice.",,TBD,,Poison Pin,,"116,117,139,42",,
33,#033,Nidorino,nidorino,ニドリーノ,尼多力诺 ,0.9,19.5,10,,"Nidorino has a horn that is harder than a diamond. If it senses a hostile presence, all the barbs on its back bristle up at once, and it challenges the foe with all its might.",,TBD,,Poison Pin,,"116,117,139,42",,
34,#034,Nidoking,nidoking,ニドキング,尼多王 ,1.4,62,10,4,"Nidoking's thick tail packs enormously destructive power. With one swing, it can topple a metal transmission tower. Once this Pokémon goes on a rampage, there is no stopping it.",,TBD,,Drill,,"116,139,55",,
35,#035,Clefairy,clefairy,ピッピ,皮皮 ,0.6,7.5,9,,"On every night of a full moon, groups of this Pokémon come out to play. When dawn arrives, the tired Clefairy return to their quiet mountain retreats and go to sleep nestled up against each other.",,TBD,,Fairy,,"9,19,21,56,118",,
36,#036,Clefable,clefable,ピクシー,皮可西 ,1.3,40,9,,"Clefable moves by skipping lightly as if it were flying using its wings. Its bouncy step even lets it walk on water. It is known to take strolls on lakes on quiet, moonlit nights.",,TBD,,Fairy,,"19,21,23",,
37,#037,Vulpix,vulpix,ロコン,六尾 ,0.6,9.9,13,,"At the time of its birth, Vulpix has one white tail. The tail separates into six if this Pokémon receives plenty of love from its trainer. The six tails become magnificently curled.",,TBD,,Fox,,"107,136,120,30,35",,
38,#038,Ninetales,ninetales,キュウコン,九尾 ,1.1,19.9,13,,Ninetales casts a sinister light from its bright red eyes to gain total control over its foe's mind. This Pokémon is said to live for one thousand years.,,TBD,,Fox,,"120,35",,
39,#039,Jigglypuff,jigglypuff,プリン,胖丁 ,0.5,5.5,8,9,Jigglypuff's vocal cords can freely adjust the wavelength of its voice. This Pokémon uses this ability to sing at precisely the right wavelength to make its foes most drowsy.,,TBD,,Balloon,,"9,19,21,23,118,70",,
40,#040,Wigglytuff,wigglytuff,プクリン,胖可丁 ,1,12,8,9,"Wigglytuff has large, saucerlike eyes. The surfaces of its eyes are always covered with a thin layer of tears. If any dust gets in this Pokémon's eyes, it is quickly washed away.",,TBD,,Balloon,,"19,23,62",,
41,#041,Zubat,zubat,ズバット,超音蝠 ,0.8,7.5,10,15,Zubat remains quietly unmoving in a dark spot during the bright daylight hours. It does so because prolonged exposure to the sun causes its body to become slightly burned.,,TBD,,Bat,,"102,90,133,3,4",,
42,#042,Golbat,golbat,ゴルバット,大嘴蝠 ,1.6,55,10,15,"Golbat loves to drink the blood of living things. It is particularly active in the pitch black of night. This Pokémon flits around in the night skies, seeking fresh blood.",,TBD,,Bat,,"102,90,133,3,4",,
43,#043,Oddish,oddish,ナゾノクサ,走路草 ,0.5,5.4,2,10,"During the daytime, Oddish buries itself in soil to absorb nutrients from the ground using its entire body. The more fertile the soil, the glossier its leaves become.",,TBD,,Weed,,"101,1,37,54,56",,
44,#044,Gloom,gloom,クサイハナ,臭臭花 ,0.8,8.6,2,10,"Gloom releases a foul fragrance from the pistil of its flower. When faced with danger, the stench worsens. If this Pokémon is feeling calm and secure, it does not release its usual stinky aroma.",,TBD,,Weed,,"101,61,1,37,54",,
45,#045,Vileplume,vileplume,ラフレシア,霸王花 ,1.2,18.6,2,10,"Vileplume's toxic pollen triggers atrocious allergy attacks. That's why it is advisable never to approach any attractive flowers in a jungle, however pretty they may be.",,TBD,,Flower,,"61,54,85",,
46,#046,Paras,paras,パラス,派拉斯 ,0.3,5.4,1,2,Paras has parasitic mushrooms growing on its back called tochukaso. They grow large by drawing nutrients from this Bug Pokémon host. They are highly valued as a medicine for extending life.,,TBD,,Mushroom,,"109,123,37,80,100",,
47,#047,Parasect,parasect,パラセクト,派拉斯特 ,1,29.5,1,2,"Parasect is known to infest large trees en masse and drain nutrients from the lower trunk and roots. When an infested tree dies, they move onto another tree all at once.",,TBD,,Mushroom,,"109,123,17,37,80,100",,
48,#048,Venonat,venonat,コンパン,毛球 ,1,30,1,10,"Venonat is said to have evolved with a coat of thin, stiff hair that covers its entire body for protection. It possesses large eyes that never fail to spot even miniscule prey.",,TBD,,Insect,,"135,129,141,66,67,78",,
49,#049,Venomoth,venomoth,モルフォン,摩鲁蛾 ,1.5,12.5,1,10,"Venomoth is nocturnal—it is a Pokémon that only becomes active at night. Its favorite prey are small insects that gather around streetlights, attracted by the light in the darkness.",,TBD,,Poison Moth,,"135,129,141,14,66,67,78",,
50,#050,Diglett,diglett,ディグダ,地鼠 ,0.2,0.8,4,,"Diglett are raised in most farms. The reason is simple—wherever this Pokémon burrows, the soil is left perfectly tilled for planting crops. This soil is made ideal for growing delicious vegetables.",,TBD,,Mole,,"29,138,123,128,15,20,57,80",,
51,#051,Dugtrio,dugtrio,ダグトリオ,三地鼠 ,0.7,33.3,4,,"Dugtrio are actually triplets that emerged from one body. As a result, each triplet thinks exactly like the other two triplets. They work cooperatively to burrow endlessly.",,TBD,,Mole,,"29,138,123,128,15,20,57,58,80",,
52,#052,Meowth,meowth,ニャース,喵喵 ,0.4,4.2,8,,"Meowth withdraws its sharp claws into its paws to slinkily sneak about without making any incriminating footsteps. For some reason, this Pokémon loves shiny coins that glitter with light.",,TBD,,Scratch Cat,,"102,136,123,58,80",,
53,#053,Persian,persian,ペルシアン,猫老大 ,1,32,8,,Persian has six bold whiskers that give it a look of toughness. The whiskers sense air movements to determine what is in the Pokémon's surrounding vicinity. It becomes docile if grabbed by the whiskers.,,TBD,,Classy Cat,,"102,136,123,90,58,62,64,80",,
54,#054,Psyduck,psyduck,コダック,可达鸭 ,0.8,19.6,18,,"Psyduck uses a mysterious power. When it does so, this Pokémon generates brain waves that are supposedly only seen in sleepers. This discovery spurred controversy among scholars.",,TBD,,Duck,,"135,123,132,141,7,44,73,96",,
55,#055,Golduck,golduck,ゴルダック,哥达鸭 ,1.7,76.6,18,,The webbed flippers on its forelegs and hind legs and the streamlined body of Golduck give it frightening speed. The Pokémon is definitely much faster than even the most athletic swimmer.,,TBD,,Duck,,"135,123,132,141,6,7,44,73,96",,
56,#056,Mankey,mankey,マンキー,猴怪 ,0.5,28,11,,"When Mankey starts shaking and its nasal breathing turns rough, it's a sure sign that it is becoming angry. However, because it goes into a towering rage almost instantly, it is impossible for anyone to flee its wrath.",,TBD,,Pig Monkey,,"111,123,16,113",,
57,#057,Primeape,primeape,オコリザル,火爆猴 ,1,32,11,,"When Primeape becomes furious, its blood circulation is boosted. In turn, its muscles are made even stronger. However, it also becomes much less intelligent at the same time.",,TBD,,Pig Monkey,,"111,123,16,113",,
58,#058,Growlithe,growlithe,ガーディ,卡蒂狗 ,0.7,19,13,,"Growlithe has a superb sense of smell. Once it smells anything, this Pokémon won't forget the scent, no matter what. It uses its advanced olfactory sense to determine the emotions of other living things.",,TBD,,Puppy,,"102,107,137,32,34,35,41,91",,
59,#059,Arcanine,arcanine,ウインディ,风速狗 ,1.9,155,13,,"Arcanine is known for its high speed. It is said to be capable of running over 6,200 miles in a single day and night. The fire that blazes wildly within this Pokémon's body is its source of power.",,TBD,,Legendary,,"102,137,107,30",,
60,#060,Poliwag,poliwag,ニョロモ,蚊香蝌蚪 ,0.6,12.4,18,,"Poliwag has a very thin skin. It is possible to see the Pokémon's spiral innards right through the skin. Despite its thinness, however, the skin is also very flexible. Even sharp fangs bounce right off it.",,TBD,,Tadpole,,"134,115,132,9,13,23,44,57,73",,
61,#061,Poliwhirl,poliwhirl,ニョロゾ,蚊香君 ,1,20,18,,"The surface of Poliwhirl's body is always wet and slick with an oily fluid. Because of this greasy covering, it can easily slip and slide out of the clutches of any enemy in battle.",,TBD,,Tadpole,,"134,115,132,9,13,23,44,57,73",,
62,#062,Poliwrath,poliwrath,ニョロボン,蚊香泳士 ,1.3,54,18,11,"Poliwrath's highly developed, brawny muscles never grow fatigued, however much it exercises. It is so tirelessly strong, this Pokémon can swim back and forth across the ocean without effort.",,TBD,,Tadpole,,"132,13,23,73,89",,
63,#063,Abra,abra,ケーシィ,凯西 ,0.9,19.5,12,,"Abra sleeps for eighteen hours a day. However, it can sense the presence of foes even while it is sleeping. In such a situation, this Pokémon immediately teleports to safety.",,TBD,,Psi,,,,
64,#064,Kadabra,kadabra,ユンゲラー,勇基拉 ,1.3,56.5,12,,Kadabra emits a peculiar alpha wave if it develops a headache. Only those people with a particularly strong psyche can hope to become a trainer of this Pokémon.,,TBD,,Psi,,"135,119,19,66,67",,
65,#065,Alakazam,alakazam,フーディン,胡地 ,1.5,48,12,,"Alakazam's brain continually grows, making its head far too heavy to support with its neck. This Pokémon holds its head up using its psychokinetic power instead.",,TBD,,Psi,,"135,119,66,67",,
66,#066,Machop,machop,ワンリキー,腕力 ,0.8,19.5,11,,Machop's muscles are special—they never get sore no matter how much they are used in exercise. This Pokémon has sufficient power to hurl a hundred adult humans.,,TBD,,Superpower,,"111,113,16,48,52,89",,
67,#067,Machoke,machoke,ゴーリキー,豪力 ,1.5,70.5,11,,"Machoke's thoroughly toned muscles possess the hardness of steel. This Pokémon has so much strength, it can easily hold aloft a sumo wrestler on just one finger.",,TBD,,Superpower,,"111,113,16,48,52,89",,
68,#068,Machamp,machamp,カイリキー,怪力 ,1.6,130,11,,"Machamp has the power to hurl anything aside. However, trying to do any work requiring care and dexterity causes its arms to get tangled. This Pokémon tends to leap into action before it thinks.",,TBD,,Superpower,,"111,113,16,48,52,89",,
69,#069,Bellsprout,bellsprout,マダツボミ,喇叭芽 ,0.7,4,2,10,"Bellsprout's thin and flexible body lets it bend and sway to avoid any attack, however strong it may be. From its mouth, this Pokémon spits a corrosive fluid that melts even iron.",,TBD,,Flower,,"101,121,131,79,99",,
70,#070,Weepinbell,weepinbell,ウツドン,口呆花 ,1,6.4,2,10,"Weepinbell has a large hook on its rear end. At night, the Pokémon hooks on to a tree branch and goes to sleep. If it moves around in its sleep, it may wake up to find itself on the ground.",,TBD,,Flycatcher,,"101,121,131,79,99",,
71,#071,Victreebel,victreebel,ウツボット,大食花 ,1.7,15.5,2,10,"Victreebel has a long vine that extends from its head. This vine is waved and flicked about as if it were an animal to attract prey. When an unsuspecting prey draws near, this Pokémon swallows it whole.",,TBD,,Flycatcher,,"121,131,51,99",,
72,#072,Tentacool,tentacool,メノクラゲ,玛瑙水母 ,0.9,45.5,18,10,"Tentacool's body is largely composed of water. If it is removed from the sea, it dries up like parchment. If this Pokémon happens to become dehydrated, put it back into the sea.",,TBD,,Jellyfish,,"117,139,12,13,44,73,83,96,99",,
73,#073,Tentacruel,tentacruel,ドククラゲ,毒刺水母 ,1.6,55,18,10,Tentacruel has large red orbs on its head. The orbs glow before lashing the vicinity with a harsh ultrasonic blast. This Pokémon's outburst creates rough waves around it.,,TBD,,Jellyfish,,"101,117,139,12,13,44,73,83,96,99",,
74,#074,Geodude,geodude,イシツブテ,小拳石 ,0.4,20,14,4,"The longer a Geodude lives, the more its edges are chipped and worn away, making it more rounded in appearance. However, this Pokémon's heart will remain hard, craggy, and rough always.",,TBD,,Rock,,"29,129,15,20,122,87",,
75,#075,Graveler,graveler,ゴローン,隆隆石 ,1,105,14,4,"Graveler grows by feeding on rocks. Apparently, it prefers to eat rocks that are covered in moss. This Pokémon eats its way through a ton of rocks on a daily basis.",,TBD,,Rock,,"29,129,15,122,87",,
76,#076,Golem,golem,ゴローニャ,隆隆岩 ,1.4,300,14,4,"Golem live up on mountains. If there is a large earthquake, these Pokémon will come rolling down off the mountains en masse to the foothills below.",,TBD,,Megaton,,"29,129,15,122,87",,
77,#077,Ponyta,ponyta,ポニータ,小火马 ,1,30,13,,Ponyta is very weak at birth. It can barely stand up. This Pokémon becomes stronger by stumbling and falling to keep up with its parent.,,TBD,,Fire Horse,,"107,129,30,33,34,86,91",,
78,#078,Rapidash,rapidash,ギャロップ,烈焰马 ,1.7,95,13,,"Rapidash usually can be seen casually cantering in the fields and plains. However, when this Pokémon turns serious, its fiery manes flare and blaze as it gallops its way up to 150 mph.",,TBD,,Fire Horse,,"107,117,120,30,33,34,55,86,91",,
79,#079,Slowpoke,slowpoke,ヤドン,呆呆兽 ,1.2,36,18,12,"Slowpoke uses its tail to catch prey by dipping it in water at the side of a river. However, this Pokémon often forgets what it's doing and often spends entire days just loafing at water's edge.",,TBD,,Dopey,,"135,129,132,141,39,67,73,96",,
80,#080,Slowbro,slowbro,ヤドラン,呆壳兽 ,1.6,78.5,18,12,"Slowbro's tail has a Shellder firmly attached with a bite. As a result, the tail can't be used for fishing anymore. This causes Slowbro to grudgingly swim and catch prey instead.",,TBD,,Hermit Crab,,"135,129,132,141,39,67,73,96",,
81,#081,Magnemite,magnemite,コイル,小磁怪 ,0.3,6,7,16,"Magnemite attaches itself to power lines to feed on electricity. If your house has a power outage, check your circuit breakers. You may find a large number of this Pokémon clinging to the breaker box.",,TBD,,Magnet,,"125,129,130,22,36,53",,
82,#082,Magneton,magneton,レアコイル,三合一磁怪 ,1,60,7,16,"Magneton emits a powerful magnetic force that is fatal to mechanical devices. As a result, large cities sound sirens to warn citizens of large-scale outbreaks of this Pokémon.",,TBD,,Magnet,,"125,129,130,22,36,53",,
83,#083,Farfetch'd,farfetchd,カモネギ,大葱鸭 ,0.8,15,8,15,"Farfetch'd is always seen with a stalk from a plant of some sort. Apparently, there are good stalks and bad stalks. This Pokémon has been known to fight with others over stalks.",,TBD,,Wild Duck,,"116,117,2,3,4,109,58",,
84,#084,Doduo,doduo,ドードー,嘟嘟 ,1.4,39.2,8,15,"Doduo's two heads never sleep at the same time. Its two heads take turns sleeping, so one head can always keep watch for enemies while the other one sleeps.",,TBD,,Twin Bird,,"116,27",,
85,#085,Dodrio,dodrio,ドードリオ,嘟嘟利 ,1.8,85.2,8,15,Watch out if Dodrio's three heads are looking in three separate directions. It's a sure sign that it is on its guard. Don't go near this Pokémon if it's being wary-it may decide to peck you.,,TBD,,Triple Bird,,"116,120,27",,
86,#086,Seel,seel,パウワウ,小海狮 ,1.1,90,18,,"Seel hunts for prey in the frigid sea underneath sheets of ice. When it needs to breathe, it punches a hole through the ice with the sharply protruding section of its head.",,TBD,,Sea Lion,,"110,6,7,12,39,47,49,70,91",,
87,#087,Dewgong,dewgong,ジュゴン,白海狮 ,1.7,120,18,6,Dewgong loves to snooze on bitterly cold ice. The sight of this Pokémon sleeping on a glacier was mistakenly thought to be a mermaid by a mariner long ago.,,TBD,,Sea Lion,,"108,110,6,7,12,39,47,49,70,78",,
88,#088,Grimer,grimer,ベトベター,臭泥 ,0.9,30,10,,"Grimer's sludgy and rubbery body can be forced through any opening, however small it may be. This Pokémon enters sewer pipes to drink filthy wastewater.",,TBD,,Sludge,,"138,38,57,118,76,77,81,82,83",,
89,#089,Muk,muk,ベトベトン,臭臭泥 ,1.2,30,10,,From Muk's body seeps a foul fluid that gives off a nose-bendingly horrible stench. Just one drop of this Pokémon's body fluid can turn a pool stagnant and rancid.,,TBD,,Sludge,,"138,38,57,118,76,77,81,82,83",,
90,#090,Shellder,shellder,シェルダー,大舌贝 ,0.3,4,18,,"At night, this Pokémon uses its broad tongue to burrow a hole in the seafloor sand and then sleep in it. While it is sleeping, Shellder closes its shell, but leaves its tongue hanging out.",,TBD,,Bivalve,,"110,129,12,44,47",,
91,#091,Cloyster,cloyster,パルシェン,刺甲贝 ,1.5,132.5,18,6,"Cloyster is capable of swimming in the sea. It does so by swallowing water, then jetting it out toward the rear. This Pokémon shoots spikes from its shell using the same system.",,TBD,,Bivalve,,"108,44",,
92,#092,Gastly,gastly,ゴース,鬼斯 ,1.3,0.1,17,10,"Gastly is largely composed of gaseous matter. When exposed to a strong wind, the gaseous body quickly dwindles away. Groups of this Pokémon cluster under the eaves of houses to escape the ravages of wind.",,TBD,,Gas,,"112,128,18,75,82",,
93,#093,Haunter,haunter,ゴースト,鬼斯通 ,1.6,0.1,17,10,"Haunter is a dangerous Pokémon. If one beckons you while floating in darkness, you must never approach it. This Pokémon will try to lick you with its tongue and steal your life away.",,TBD,,Gas,,"112,124,128,18,75,76",,
94,#094,Gengar,gengar,ゲンガー,耿鬼 ,1.5,40.5,17,10,"Sometimes, on a dark night, your shadow thrown by a streetlight will suddenly and startlingly overtake you. It is actually a Gengar running past you, pretending to be your shadow.",,TBD,,Shadow,,"112,128,18,75,76",,
95,#095,Onix,onix,イワーク,大岩蛇 ,8.8,210,14,4,"Onix has a magnet in its brain. It acts as a compass so that this Pokémon does not lose direction while it is tunneling. As it grows older, its body becomes increasingly rounder and smoother.",,TBD,,Rock Snake,,"106,129,20,71,122,72,79,87",,
96,#096,Drowzee,drowzee,スリープ,催眠貘 ,1,32.4,12,,"If your nose becomes itchy while you are sleeping, it's a sure sign that one of these Pokémon is standing above your pillow and trying to eat you dream through your nostrils.",,TBD,,Hypnosis,,"135,141,39,118,66,67,68",,
97,#097,Hypno,hypno,スリーパー,引梦貘人 ,1.6,75.6,12,,"Hypno holds a pendulum in its hand. The arcing movement and glitter of the pendulum lull the foe into a deep state of hypnosis. While this Pokémon searches for prey, it polishes the pendulum.",,TBD,,Hypnosis,,"135,141,39,118,66,67,68",,
98,#098,Krabby,krabby,クラブ,大钳蟹 ,0.4,6.5,18,,"Krabby live on beaches, burrowed inside holes dug into the sand. On sandy beaches with little in the way of food, these Pokémon can be seen squabbling with each other over territory.",,TBD,,River Crab,,"134,114,115,12,13,73,79,86,97",,
99,#099,Kingler,kingler,キングラー,巨钳蟹 ,1.3,60,18,,"Kingler has an enormous, oversized claw. It waves this huge claw in the air to communicate with others. However, because the claw is so heavy, the Pokémon quickly tires.",,TBD,,Pincer,,"134,114,115,12,13,73,79,86,97",,
100,#100,Voltorb,voltorb,ビリリダマ,霹雳电球 ,0.5,10.4,7,,Voltorb was first sighted at a company that manufactures Poké Balls. The link between that sighting and the fact that this Pokémon looks very similar to a Poké Ball remains a mystery.,,TBD,,Ball,,"125,90,129,22",,
101,#101,Electrode,electrode,マルマイン,顽皮雷弹 ,1.2,66.6,7,,"Electrode eats electricity in the atmosphere. On days when lightning strikes, you can see this Pokémon exploding all over the place from eating too much electricity.",,TBD,,Ball,,"125,90,129,22",,
102,#102,Exeggcute,exeggcute,タマタマ,蛋蛋 ,0.4,2.5,2,12,"This Pokémon consists of six eggs that form a closely knit cluster. The six eggs attract each other and spin around. When cracks increasingly appear on the eggs, Exeggcute is close to evolution.",,TBD,,Egg,,135,,
103,#103,Exeggutor,exeggutor,ナッシー,椰蛋树 ,2,120,2,12,"Exeggutor originally came from the tropics. Its heads steadily grow larger from exposure to strong sunlight. It is said that when the heads fall off, they group together to form Exeggcute.",,TBD,,Coconut,,"135,68,74,86",,
104,#104,Cubone,cubone,カラカラ,卡拉卡拉 ,0.4,6.5,4,,"Cubone pines for the mother it will never see again. Seeing a likeness of its mother in the full moon, it cries. The stains on the skull the Pokémon wears are made by the tears it sheds.",,TBD,,Lonely,,"10,39",,
105,#105,Marowak,marowak,ガラガラ,嘎啦嘎啦 ,1,45,4,,Marowak is the evolved form of a Cubone that has overcome its sadness at the loss of its mother and grown tough. This Pokémon's tempered and hardened spirit is not easily broken.,,TBD,,Bone Keeper,,"10,39",,
106,#106,Hitmonlee,hitmonlee,サワムラー,飞腿郎 ,1.5,49.8,11,,"Hitmonlee's legs freely contract and stretch. Using these springlike legs, it bowls over foes with devastating kicks. After battle, it rubs down its legs and loosens the muscles to overcome fatigue.",,TBD,,Kicking,,11,,
107,#107,Hitmonchan,hitmonchan,エビワラー,快拳郎 ,1.4,50.2,11,,Hitmonchan is said to possess the spirit of a boxer who had been working toward a world championship. This Pokémon has an indomitable spirit and will never give up in the face of adversity.,,TBD,,Punching,,"104,93,31,48",,
108,#108,Lickitung,lickitung,ベロリンガ,大舌头 ,1.2,65.5,8,,"Whenever Lickitung comes across something new, it will unfailingly give it a lick. It does so because it memorizes things by texture and by taste. It is somewhat put off by sour things.",,TBD,,Licking,,"112,65,79,86,99",,
109,#109,Koffing,koffing,ドガース,瓦斯弹 ,0.6,1,10,,"If Koffing becomes agitated, it raises the toxicity of its internal gases and then jets them out from all over its body. This Pokémon may also overinflate its round body, then explode.",,TBD,,Poison Gas,,"129,81,82,84",,
110,#110,Weezing,weezing,マタドガス,双弹瓦斯 ,1.2,9.5,10,,"Weezing loves the gases given off by rotted kitchen garbage. This Pokémon will find a dirty, unkempt house and make it its home. At night, when the people in the house are asleep, it will go through the trash.",,TBD,,Poison Gas,,"129,81,82,84",,
111,#111,Rhyhorn,rhyhorn,サイホーン,独角犀牛 ,1,115,4,14,"Rhyhorn runs in a straight line, smashing everything in its path. It is not bothered even if it rushes headlong into a block of steel. This Pokémon may feel some pain from the collision the next day, however.",,TBD,,Spikes,,"29,15,28,42,55,86,87,91",,
112,#112,Rhydon,rhydon,サイドン,钻角犀兽 ,1.9,120,4,14,Rhydon's horn can crush even uncut diamonds. One sweeping blow of its tail can topple a building. This Pokémon's hide is extremely tough. Even direct cannon hits don't leave a scratch.,,TBD,,Drill,,"29,15,28,42,55,86,87,91",,
113,#113,Chansey,chansey,ラッキー,吉利蛋 ,1.1,34.6,8,,"Chansey lays nutritionally excellent eggs on an everyday basis. The eggs are so delicious, they are easily and eagerly devoured by even those people who have lost their appetite.",,TBD,,Egg,,"23,118,91",,
114,#114,Tangela,tangela,モンジャラ,蔓藤怪 ,1,35,2,,"Tangela's vines snap off easily if they are grabbed. This happens without pain, allowing it to make a quick getaway. The lost vines are replaced by newly grown vines the very next day.",,TBD,,Vine,,"5,131,1,37,54,65,79",,
115,#115,Kangaskhan,kangaskhan,ガルーラ,袋兽 ,2.2,80,8,,"If you come across a young Kangaskhan playing by itself, you must never disturb it or attempt to catch it. The baby Pokémon's parent is sure to be in the area, and it will become violently enraged at you.",,TBD,,Parent,,"102,128",,
116,#116,Horsea,horsea,タッツー,墨海马 ,0.4,8,18,,"Horsea eats small insects and moss off of rocks. If the ocean current turns fast, this Pokémon anchors itself by wrapping its tail around rocks or coral to prevent being washed away.",,TBD,,Dragon,,"134,106,132,12,13,25,44,73,96",,
117,#117,Seadra,seadra,シードラ,海刺龙 ,1.2,25,18,,Seadra sleeps after wriggling itself between the branches of coral. Those trying to harvest coral are occasionally stung by this Pokémon's poison barbs if they fail to notice it.,,TBD,,Dragon,,"134,106,132,12,13,25,44,73,96",,
118,#118,Goldeen,goldeen,トサキント,角金鱼 ,0.6,15,18,,"Goldeen is a very beautiful Pokémon with fins that billow elegantly in water. However, don't let your guard down around this Pokémon—it could ram you powerfully with its horn.",,TBD,,Goldfish,,"116,42,55,73,96",,
119,#119,Seaking,seaking,アズマオウ,金鱼王 ,1.3,39,18,,"In the autumn, Seaking males can be seen performing courtship dances in riverbeds to woo females. During this season, this Pokémon's body coloration is at its most beautiful.",,TBD,,Goldfish,,"116,117,42,55,73,96",,
120,#120,Staryu,staryu,ヒトデマン,海星星 ,0.8,34.5,18,,"Staryu's center section has an organ called the core that shines bright red. If you go to a beach toward the end of summer, the glowing cores of these Pokémon look like the stars in the sky.",,TBD,,Star Shape,,"90,129,132,12,13,44,64,67,73",,
121,#121,Starmie,starmie,スターミー,宝石海星,1.1,80,18,12,"Starmie's center section-the core-glows brightly in seven colors. Because of its luminous nature, this Pokémon has been given the nickname ""the gem of the sea.""",,TBD,,Mysterious,,"90,132,44,73",,
122,#122,Mr. Mime,mr-mime,バリヤード,魔墙人偶 ,1.3,54.5,12,9,"Mr. Mime is a master of pantomime. Its gestures and motions convince watchers that something unseeable actually exists. Once the watchers are convinced, the unseeable thing exists as if it were real.",,TBD,,Barrier,,"23,66,67,135",,
123,#123,Scyther,scyther,ストライク,飞天螳螂 ,1.5,56,1,15,"Scyther is blindingly fast. Its blazing speed enhances the effectiveness of the twin scythes on its forearms. This Pokémon's scythes are so effective, they can slice through thick logs in one wicked stroke.",,TBD,,Mantis,,"109,120,133,4,58,80,100",,
124,#124,Jynx,jynx,ルージュラ,迷唇姐 ,1.4,40.6,6,12,"Jynx walks rhythmically, swaying and shaking its hips as if it were dancing. Its motions are so bouncingly alluring, people seeing it are compelled to shake their hips without giving any thought to what they are doing.",,TBD,,Human Shape,,"108,112,8,9,23,26,40,48,118",,
125,#125,Electabuzz,electabuzz,エレブー,电击兽 ,1.1,30,7,,"When a storm arrives, gangs of this Pokémon compete with each other to scale heights that are likely to be stricken by lightning bolts. Some towns use Electabuzz in place of lightning rods.",,TBD,,Electric,,"120,90,92,93,130,22,113,94",,
126,#126,Magmar,magmar,ブーバー,鸭嘴火兽 ,1.3,44.5,13,,"In battle, Magmar blows out intensely hot flames from all over its body to intimidate its opponent. This Pokémon's fiery bursts create heat waves that ignite grass and trees in its surroundings.",,TBD,,Spitfire,,"107,136,30,31,32,35",,
127,#127,Pinsir,pinsir,カイロス,凯罗斯 ,1.5,55,1,,Pinsir is astoundingly strong. It can grip a foe weighing twice its weight in its horns and easily lift it. This Pokémon's movements turn sluggish in cold places.,,TBD,,Stag Beetle,,"89,97,100",,
128,#128,Tauros,tauros,ケンタロス,肯泰罗 ,1.4,88.4,8,,"This Pokémon is not satisfied unless it is rampaging at all times. If there is no opponent for Tauros to battle, it will charge at thick trees and knock them down to calm itself.",,TBD,,Wild Bull,,"129,141,42,70,91",,
129,#129,Magikarp,magikarp,コイキング,鲤鱼王 ,0.9,10,18,,Magikarp is a pathetic excuse for a Pokémon that is only capable of flopping and splashing. This behavior prompted scientists to undertake research into it.,,TBD,,Fish,,126,,
130,#130,Gyarados,gyarados,ギャラドス,暴鲤龙 ,6.5,235,18,15,"When Magikarp evolves into Gyarados, its brain cells undergo a structural transformation. It is said that this transformation is to blame for this Pokémon's wildly violent nature.",,TBD,,Atrocious,,"102,7,44,45,73,96",,
131,#131,Lapras,lapras,ラプラス,拉普拉斯 ,2.5,220,18,6,"People have driven Lapras almost to the point of extinction. In the evenings, this Pokémon is said to sing plaintively as it seeks what few others of its kind still remain.",,TBD,,Transport,,"108,110,132,9,12,47,96",,
132,#132,Ditto,ditto,メタモン,百变怪 ,0.3,4,8,,"Ditto rearranges its cell structure to transform itself into other shapes. However, if it tries to transform itself into something by relying on its memory, this Pokémon manages to get details wrong.",,TBD,,Transform,,,,
133,#133,Eevee,eevee,イーブイ,伊布 ,0.3,6.5,8,,Eevee has an unstable genetic makeup that suddenly mutates due to the environment in which it lives. Radiation from various stones causes this Pokémon to evolve.,,TBD,,Evolution,,"120,90,91",,
134,#134,Vaporeon,vaporeon,シャワーズ,水伊布 ,1,29,18,,Vaporeon underwent a spontaneous mutation and grew fins and gills that allow it to live underwater. This Pokémon has the ability to freely control water.,,TBD,,Bubble Jet,,"120,132,7,44,73,96",,
135,#135,Jolteon,jolteon,サンダース,雷伊布 ,0.8,24.5,7,,"Jolteon's cells generate a low level of electricity. This power is amplified by the static electricity of its fur, enabling the Pokémon to drop thunderbolts. The bristling fur is made of electrically charged needles.",,TBD,,Lightning,,"102,120,129,92,130",,
136,#136,Flareon,flareon,ブースター,火伊布 ,0.9,25,13,,"Flareon's fluffy fur has a functional purpose-it releases heat into the air so that its body does not get excessively hot. This Pokémon's body temperature can rise to a maximum of 1,650 degrees Fahrenheit.",,TBD,,Flame,,"102,107,137,120,129",,
137,#137,Porygon,porygon,ポリゴン,多邊獸 ,0.8,36.5,8,,Porygon is capable of reverting itself entirely back to program data and entering cyberspace. This Pokémon is copy-protected so it cannot be duplicated by copying.,,TBD,,Virtual,,"129,120,22,66,78,94",,
138,#138,Omanyte,omanyte,オムナイト,菊石兽 ,0.4,7.5,14,18,"Omanyte is one of the ancient and long-since-extinct Pokémon that have been regenerated from fossils by people. If attacked by an enemy, it withdraws itself inside its hard shell.",,TBD,,Spiral,,"5,102,115,132,12,44,73",,
139,#139,Omastar,omastar,オムスター,多刺菊石兽 ,1,35,14,18,"Omastar uses its tentacles to capture its prey. It is believed to have become extinct because its shell grew too large and heavy, causing its movements to become too slow and ponderous.",,TBD,,Spiral,,"5,102,115,132,12,44,73",,
140,#140,Kabuto,kabuto,カブト,化石盔 ,0.5,11.5,14,18,"Kabuto is a Pokémon that has been regenerated from a fossil. However, in extremely rare cases, living examples have been discovered. The Pokémon has not changed at all for 300 million years.",,TBD,,Shellfish,,"5,115,123,1,6,54,58,73",,
141,#141,Kabutops,kabutops,カブトプス,镰刀盔 ,1.3,40.5,14,18,Kabutops swam underwater to hunt for its prey in ancient times. The Pokémon was apparently evolving from being a water-dweller to living on land as evident from the beginnings of change in its gills and legs.,,TBD,,Shellfish,,"5,115,123,1,6,54,58,73,80",,
142,#142,Aerodactyl,aerodactyl,プテラ,化石翼龙 ,1.8,59,14,15,Aerodactyl is a Pokémon from the age of dinosaurs. It was regenerated from genetic material extracted from amber. It is imagined to have been the king of the skies in ancient times.,,TBD,,Fossil,,"5,102,106,137,133,24,25,45,50,71,91",,
143,#143,Snorlax,snorlax,カビゴン,卡比兽 ,2.1,460,8,,Snorlax's typical day consists of nothing more than eating and sleeping. It is such a docile Pokémon that there are children who use its expansive belly as a place to play.,,TBD,,Sleeping,,"112,129,9,70",,
144,#144,Articuno,articuno,フリーザー,急冻鸟 ,1.7,55.4,6,15,"Articuno is a legendary bird Pokémon that can control ice. The flapping of its wings chills the air. As a result, it is said that when this Pokémon flies, snow will fall.",,TBD,,Freeze,,"5,108,110,8,43,47",,
145,#145,Zapdos,zapdos,サンダー,闪电鸟 ,1.6,52.6,7,15,Zapdos is a legendary bird Pokémon that has the ability to control electricity. It usually lives in thunderclouds. The Pokémon gains power if it is stricken by lightning bolts.,,TBD,,Electric,,"5,116,92,130,22,27",,
146,#146,Moltres,moltres,ファイヤー,火焰鸟 ,2,60,13,15,"Moltres is a legendary bird Pokémon that has the ability to control fire. If this Pokémon is injured, it is said to dip its body in the molten magma of a volcano to burn and heal itself.",,TBD,,Flame,,"5,107,133,4,35,41,43,85",,
147,#147,Dratini,dratini,ミニリュウ,迷你龙 ,1.8,3.3,5,,Dratini continually molts and sloughs off its old skin. It does so because the life energy within its body steadily builds to reach uncontrollable levels.,,TBD,,Dragon,,"106,7,45,79,96,99",,
148,#148,Dragonair,dragonair,ハクリュー,哈克龙 ,4,16.5,5,,Dragonair stores an enormous amount of energy inside its body. It is said to alter weather conditions in its vicinity by discharging energy from its crystals on its neck and tail.,,TBD,,Dragon,,"106,7,45,79,96,99",,
149,#149,Dragonite,dragonite,カイリュー,快龙 ,2.2,210,5,15,Dragonite is capable of circling the globe in just 16 hours. It is a kindhearted Pokémon that leads lost and foundering ships in a storm to the safety of land.,,TBD,,Dragon,,"106,93,133,7,24,25,31,43,45,79,96",,
150,#150,Mewtwo,mewtwo,ミュウツー,超梦 ,2,122,12,,"Mewtwo is a Pokémon that was created by genetic manipulation. However, even though the scientific power of humans created this Pokémon's body, they failed to endow Mewtwo with a compassionate heart.",,TBD,,Genetic,,"135,119,90,67,69",,
151,#151,Mew,mew,ミュウ,梦幻 ,0.4,4,12,,"Mew is said to possess the genetic composition of all Pokémon. It is capable of making itself invisible at will, so it entirely avoids notice even if it approaches people.",,TBD,,New Species,,"5,108,24,25,118,67,73",,
